{"cameraMode":{"drawMode":0,"name":"Shaded","section":"Shading Mode"},"sceneLighting":true,"audioPlay":false,"sceneViewState":{"showFog":true,"showMaterialUpdate":true,"showSkybox":true,"showFlares":true,"showImageEffects":true,"showParticleSystems":true},"in2DMode":false,"pivot":{"x":-0.22054427862167359,"y":0.9221820831298828,"z":1.602634072303772},"rotation":{"x":-0.1654612123966217,"y":0.8160004019737244,"z":-0.2838919758796692,"w":-0.4755881726741791},"size":2.4175729751586916,"orthographic":false}