{"cameraMode":{"drawMode":0,"name":"Shaded","section":"Shading Mode"},"sceneLighting":false,"audioPlay":false,"sceneViewState":{"showFog":true,"showMaterialUpdate":true,"showSkybox":false,"showFlares":true,"showImageEffects":true,"showParticleSystems":true},"in2DMode":false,"pivot":{"x":0.5768898725509644,"y":0.8616454601287842,"z":0.6955780386924744},"rotation":{"x":-0.1654612123966217,"y":0.8160004019737244,"z":-0.2838919758796692,"w":-0.4755881726741791},"size":0.9175730347633362,"orthographic":false}