{"cameraMode":{"drawMode":0,"name":"Shaded","section":"Shading Mode"},"sceneLighting":true,"audioPlay":false,"sceneViewState":{"showFog":true,"showMaterialUpdate":true,"showSkybox":true,"showFlares":true,"showImageEffects":true,"showParticleSystems":true},"in2DMode":false,"pivot":{"x":-0.8088411092758179,"y":1.6062848567962647,"z":2.8375349044799806},"rotation":{"x":-0.2043066769838333,"y":0.620533287525177,"z":-0.17194290459156037,"w":-0.7373233437538147},"size":1.5562477111816407,"orthographic":false}