{"cameraMode":{"drawMode":0,"name":"Shaded","section":"Shading Mode"},"sceneLighting":true,"audioPlay":false,"sceneViewState":{"showFog":true,"showMaterialUpdate":true,"showSkybox":true,"showFlares":true,"showImageEffects":true,"showParticleSystems":true},"in2DMode":false,"pivot":{"x":1.259443759918213,"y":2.0961074829101564,"z":-0.5276200175285339},"rotation":{"x":-0.350288063287735,"y":0.4762425124645233,"z":-0.21457040309906007,"w":-0.7774721384048462},"size":0.28762757778167727,"orthographic":false}