{"cameraMode":{"drawMode":0,"name":"Shaded","section":"Shading Mode"},"sceneLighting":true,"audioPlay":false,"sceneViewState":{"showFog":true,"showMaterialUpdate":true,"showSkybox":true,"showFlares":true,"showImageEffects":true,"showParticleSystems":true},"in2DMode":false,"pivot":{"x":3.0675148963928224,"y":3.114504814147949,"z":2.4605765342712404},"rotation":{"x":-0.12668734788894654,"y":0.840756356716156,"z":-0.2234874963760376,"w":-0.47659435868263247},"size":0.6123724579811096,"orthographic":false}