{"cameraMode":{"drawMode":0,"name":"Shaded","section":"Shading Mode"},"sceneLighting":true,"audioPlay":false,"sceneViewState":{"showFog":true,"showMaterialUpdate":true,"showSkybox":true,"showFlares":true,"showImageEffects":true,"showParticleSystems":true},"in2DMode":false,"pivot":{"x":1.2803922891616822,"y":2.2222657203674318,"z":-0.5478225350379944},"rotation":{"x":-0.2948463261127472,"y":0.4991872310638428,"z":-0.18551066517829896,"w":-0.7933949828147888},"size":0.28762757778167727,"orthographic":false}